epoch,time,train/box_loss,train/cls_loss,train/dfl_loss,metrics/precision(B),metrics/recall(B),metrics/mAP50(B),metrics/mAP50-95(B),val/box_loss,val/cls_loss,val/dfl_loss,lr/pg0,lr/pg1,lr/pg2
1,108.938,0,114.356,0,0,0,0,0,0,584.121,0,0.00048343,0.00048343,0.00048343
2,208.977,0,90.2981,0,0,0,0,0,0,256061,0,0.000964056,0.000964056,0.000964056
3,320.619,0,77.534,0,0,0,0,0,0,527.269,0,0.00142488,0.00142488,0.00142488
4,421.837,0,67.8779,0,0,0,0,0,0,108.501,0,0.00156798,0.00156798,0.00156798
5,527.11,0,58.2742,0,0,0,0,0,0,3136.15,0,0.00153497,0.00153497,0.00153497
