epoch,time,train/box_loss,train/cls_loss,train/dfl_loss,metrics/precision(B),metrics/recall(B),metrics/mAP50(B),metrics/mAP50-95(B),val/box_loss,val/cls_loss,val/dfl_loss,lr/pg0,lr/pg1,lr/pg2
1,115.674,0.8774,2.2998,1.42795,0.74276,0.10155,0.56354,0.34399,0.94243,3.06226,1.72034,0.00048343,0.00048343,0.00048343
2,204.965,0.94601,1.73682,1.46802,0.7486,0.33898,0.49641,0.23504,1.3073,3.88981,2.18531,0.000788791,0.000788791,0.000788791
3,292.82,0.9821,1.69313,1.47151,0.58144,0.62036,0.61793,0.35043,1.19349,2.53185,2.08617,0.000896113,0.000896113,0.000896113
4,380.218,0.94908,1.54545,1.45817,0.56713,0.70941,0.70087,0.4622,1.07091,2.2281,1.84805,0.000676802,0.000676802,0.000676802
5,466.517,0.90399,1.46344,1.40856,0.79049,0.80447,0.8912,0.62636,0.94258,1.65456,1.61599,0.000346736,0.000346736,0.000346736
